{
  "dataset": "lego",
  "half_res": true,
  "camera_index": 0,
  "hwf": [
    400,
    400,
    555.5555155968841
  ],
  "near": 2.0,
  "far": 6.0,
  "samples_per_ray": 5,
  "z_vals": [
    2.0,
    3.0,
    4.0,
    5.0,
    6.0
  ],
  "camera_origin": [
    -0.05379832163453102,
    3.845470428466797,
    1.2080823183059692
  ],
  "camera_forward": [
    0.013345719315111637,
    -0.95394366979599,
    -0.29968830943107605
  ],
  "camera_up": [
    0.004192245192825794,
    -0.2996590733528137,
    0.9540371894836426
  ],
  "camera_matrix": [
    [
      -0.9999021887779236,
      0.004192245192825794,
      -0.013345719315111637,
      -0.05379832163453102
    ],
    [
      -0.013988681137561798,
      -0.2996590733528137,
      0.95394366979599,
      3.845470428466797
    ],
    [
      -4.656612873077393e-10,
      0.9540371894836426,
      0.29968830943107605,
      1.2080823183059692
    ]
  ],
  "examples": [
    {
      "pixel": [
        200,
        200
      ],
      "ray_o": [
        -0.05379832163453102,
        3.845470428466797,
        1.2080823183059692
      ],
      "ray_d": [
        0.013345719315111637,
        -0.95394366979599,
        -0.29968830943107605
      ],
      "viewdir_unit": [
        0.013345721177756786,
        -0.9539437890052795,
        -0.29968833923339844
      ],
      "coarse_sigma": [
        0.0,
        0.0,
        57.52023696899414,
        112.53807067871094,
        36.35456466674805
      ],
      "coarse_rgb": [
        [
          0.9999986886978149,
          0.9999991059303284,
          1.0
        ],
        [
          0.17455171048641205,
          0.1438829004764557,
          0.08920450508594513
        ],
        [
          0.33823227882385254,
          0.25536251068115234,
          0.09265556186437607
        ],
        [
          0.7298781871795654,
          0.6558072566986084,
          0.48587360978126526
        ],
        [
          0.9999999403953552,
          0.9999999403953552,
          1.0
        ]
      ],
      "fine_sigma": [
        0.0,
        0.0,
        116.63600158691406,
        213.10716247558594,
        0.0
      ],
      "fine_rgb": [
        [
          0.9989064931869507,
          0.9988960027694702,
          0.9998080134391785
        ],
        [
          0.9112585186958313,
          0.9489301443099976,
          0.995453953742981
        ],
        [
          0.41370120644569397,
          0.3358617424964905,
          0.09175033867359161
        ],
        [
          0.8538920879364014,
          0.7729853391647339,
          0.6327021718025208
        ],
        [
          1.0,
          1.0,
          1.0
        ]
      ]
    },
    {
      "pixel": [
        120,
        220
      ],
      "ray_o": [
        -0.05379832163453102,
        3.845470428466797,
        1.2080823183059692
      ],
      "ray_d": [
        -0.022047080099582672,
        -0.9975981712341309,
        -0.16230694949626923
      ],
      "viewdir_unit": [
        -0.02180815115571022,
        -0.9867870211601257,
        -0.16054800152778625
      ],
      "coarse_sigma": [
        0.0,
        1.2744776010513306,
        0.0,
        0.0,
        0.0
      ],
      "coarse_rgb": [
        [
          0.9975144863128662,
          0.9993600845336914,
          0.999998152256012
        ],
        [
          0.7761315703392029,
          0.5667896270751953,
          0.06188427284359932
        ],
        [
          0.9551620483398438,
          0.8531486988067627,
          0.1893087923526764
        ],
        [
          0.999894917011261,
          0.9997925162315369,
          0.9998550415039062
        ],
        [
          1.0,
          1.0,
          1.0
        ]
      ],
      "fine_sigma": [
        0.0,
        0.0,
        0.0,
        0.0,
        0.0
      ],
      "fine_rgb": [
        [
          0.9822931885719299,
          0.9836512804031372,
          0.9970033168792725
        ],
        [
          0.8241438865661621,
          0.8009091019630432,
          0.560879647731781
        ],
        [
          0.9898712635040283,
          0.9782439470291138,
          0.8844645619392395
        ],
        [
          0.9990611672401428,
          0.9998485445976257,
          0.9999974966049194
        ],
        [
          1.0,
          1.0,
          1.0
        ]
      ]
    },
    {
      "pixel": [
        300,
        80
      ],
      "ray_o": [
        -0.05379832163453102,
        3.845470428466797,
        1.2080823183059692
      ],
      "ray_d": [
        0.22856998443603516,
        -0.8969835042953491,
        -0.4714150130748749
      ],
      "viewdir_unit": [
        0.22003775835037231,
        -0.8635002374649048,
        -0.4538176953792572
      ],
      "coarse_sigma": [
        0.0,
        0.0,
        2.6539132595062256,
        34.35121536254883,
        0.0
      ],
      "coarse_rgb": [
        [
          1.0,
          1.0,
          1.0
        ],
        [
          0.9997358918190002,
          0.999894917011261,
          0.9999980330467224
        ],
        [
          1.0,
          1.0,
          1.0
        ],
        [
          1.0,
          1.0,
          1.0
        ],
        [
          1.0,
          1.0,
          1.0
        ]
      ],
      "fine_sigma": [
        0.0,
        0.0,
        0.0,
        0.0,
        0.0
      ],
      "fine_rgb": [
        [
          0.9998816251754761,
          0.9998875260353088,
          0.9999629259109497
        ],
        [
          0.9976930618286133,
          0.9989093542098999,
          0.9998496174812317
        ],
        [
          1.0,
          1.0,
          1.0
        ],
        [
          1.0,
          1.0,
          1.0
        ],
        [
          1.0,
          1.0,
          1.0
        ]
      ]
    }
  ]
}
